1,2,3,4,5,6,7,8,9,10,11,12,13,14,15,15 rate,14 rate,13 rate,12 rate,11 rate,10 rate,9 rate,8 rate,7 rate,6 rate,5 rate,4 rate,3 rate,2 rate,Name,Sum,Rate Sum
46498,482,276,132,253,260,232,230,177,213,73,126,321,0,430,0.008726888965559232,0.0,0.006557444026801765,0.002580592307377217,0.0014973437532049309,0.004388133498145859,0.003659822591650642,0.0047784264433964226,0.00484332268637398,0.005457484099829979,0.005338904363974002,0.002793296089385475,0.005874840357598978,0.010366037248913931,Afghanistan,3205.0,0.004775895459443743
38182,832,705,782,801,846,840,695,753,752,873,1681,0,788,661,0.013620440964351947,0.01650538310083365,0.0,0.03649508260784612,0.01931928830663008,0.016923215410928075,0.017237827072316463,0.0161673025030241,0.01992977128214862,0.02048326957532323,0.01977728944964322,0.01968831038042247,0.018070436253652535,0.021790372426797967,Albania,11009.0,0.018286284952422745
83199,953,932,843,803,772,750,573,591,598,565,542,517,464,495,0.005374476124296975,0.005063401645605535,0.005673774431799475,0.005983726912418994,0.0062768013864509965,0.006687841102263577,0.006653532226287644,0.006492770702080406,0.008571232657539255,0.008901187593681541,0.009345141806417075,0.009907855766066476,0.011075197262097158,0.011454464596930251,Algeria,9398.0,0.007675814586709669
6745,45,52,62,51,50,45,34,43,35,28,46,52,50,44,0.005996184246388662,0.006860592755214051,0.007186290768380321,0.006397774687065368,0.003909522479754258,0.004910902202890417,0.006070016939582157,0.004822695035460993,0.006423982869379015,0.007189072609633357,0.00738702201622248,0.009061677871967261,0.007658321060382916,0.006671608598962194,Andorra,637.0,0.006467547438663104
15139,112,68,42,132,43,55,57,81,75,121,136,100,27,89,0.005497899678774401,0.001670688695006497,0.00622626237469647,0.008540031397174254,0.007656289546950139,0.004768262445164982,0.005176380368098159,0.0036559553588608813,0.003540164778578785,0.002775446976053702,0.008593190547490397,0.0027416933220184084,0.004458724018097174,0.007398110839553471,Angola,1138.0,0.005192792881894123
141,1,2,0,0,0,2,0,0,0,0,1,1,0,0,0.0,0.0,0.006802721088435374,0.00684931506849315,0.0,0.0,0.0,0.0,0.013888888888888888,0.0,0.0,0.0,0.014084507042253521,0.0070921985815602835,Antigua and Barbuda,7.0,0.003479830762116516
1424533,8037,7533,7629,6899,5201,3278,3199,3610,5303,6994,7112,5274,3558,5062,0.003378811341912746,0.002380566866630715,0.0035411944178851133,0.0047982210420073725,0.004740981357382143,0.003607681783826184,0.0024619640198621164,0.00218643847694295,0.002245463861595033,0.003575477217246161,0.004765384753531731,0.005297537745564033,0.005258381789371549,0.005641848942776334,Argentina,78689.0,0.003848568115466727
135967,1264,1277,1184,1267,978,407,584,1138,1174,1077,995,1013,357,438,0.0029458845051855637,0.0024068767908309455,0.006876561312045183,0.006800303450726846,0.007415312586064445,0.008149042799827857,0.007962050822791895,0.0041027370314168496,0.0028674693702135452,0.006938187699969495,0.00906995389857687,0.008548242700782626,0.009305477625317894,0.009296373384718351,Armenia,13153.0,0.006620319569890598
282456,7005,0,7784,0,3444,5004,0,5309,2686,0,6134,2641,2588,0,0.0,0.008025726982630566,0.008257718355835433,0.019554461758180104,0.0,0.008636600407714419,0.0173670970548884,0.0,0.01664177938002388,0.011586401789769381,0.0,0.02689136014869015,0.0,0.024800322882148017,Austria,42595.0,0.010125819197134312
121176,8368,0,8456,0,4323,4356,3086,8790,4219,0,8649,4451,0,3112,0.017694485825079317,0.0,0.025965010529508874,0.05313502156364038,0.0,0.026609063101132098,0.05869195072279905,0.021039139890509206,0.030606437469699207,0.03132608695652174,0.0,0.06527511887852776,0.0,0.06905657886050043,Azerbaijan,57810.0,0.028528492414137
7541,2,0,6,16,5,0,9,0,6,0,38,36,15,0,0.0,0.0019584802193497847,0.004722550177095631,0.005009887936717205,0.0,0.0007916611690196596,0.0,0.0011889035667107001,0.0,0.0006609385327164573,0.002119486024639025,0.0007954394803128729,0.0,0.0002652168147460549,The Bahamas,133.0,0.0012508974229505278
86956,181,133,162,168,132,198,181,183,201,137,188,145,178,125,0.001402241342561951,0.0020007868262799976,0.0016325151992794417,0.0021211300658904235,0.0015481100627154076,0.002276485378394908,0.0020769256959970945,0.002058455589673604,0.0022568732047599507,0.0015068493150684932,0.0019214932747735384,0.0018563080096253009,0.001526332097731159,0.0020815124890749344,Bahrain,2312.0,0.0018761441822733001
464932,4491,0,4568,0,1798,3954,2202,2159,1861,0,3213,1355,1799,0,0.0,0.003667439295623332,0.002769952859695244,0.0066115872542261275,0.0,0.0038442152925817594,0.004479764288456152,0.004589957539766083,0.00831040650372329,0.0037933209702293927,0.0,0.009731095408618665,0.0,0.009659477084821006,Bangladesh,27400.0,0.0041040868926957895
276,2,1,2,3,1,0,2,3,0,1,1,0,0,4,0.0136986301369863,0.0,0.0,0.003436426116838488,0.0034482758620689655,0.0,0.010452961672473868,0.007017543859649123,0.0,0.0035211267605633804,0.010676156583629894,0.007168458781362007,0.0035971223021582736,0.007246376811594203,Barbados,20.0,0.005018791349094608
138219,0,1689,3475,0,1896,3674,0,3500,1939,0,3942,1961,0,1853,0.011559936367322748,0.0,0.012385211009637855,0.025532411005751595,0.0,0.012718673951972083,0.023497344800037595,0.0,0.025289270988924757,0.013223324940892574,0.0,0.02483775052177145,0.012219738241486337,0.0,Belarus,23929.0,0.011518832987699786
5854,0,0,1382,147,218,168,184,60,506,286,160,208,122,82,0.008821947283485745,0.013299901885969693,0.023201338538761853,0.018171493469619535,0.03357201549477638,0.06314738549856483,0.007544322897019992,0.02368387179817222,0.02210235495329562,0.02952729242855208,0.0203150912106136,0.2360778954560984,0.0,0.0,Belize,3523.0,0.03567606506535214
3015,0,40,0,0,0,0,18,17,0,0,0,0,0,0,0.0,0.0,0.0,0.0,0.0,0.0,0.005532053368044257,0.005891980360065467,0.0,0.0,0.0,0.0,0.013266998341625208,0.0,Benin,75.0,0.0017636451478382094
410,4,1,3,6,2,4,2,1,0,1,2,1,1,0,0.0,0.002288329519450801,0.0022935779816513763,0.004608294930875576,0.0023094688221709007,0.0,0.0023148148148148147,0.004651162790697674,0.009389671361502348,0.0047169811320754715,0.014354066985645933,0.007228915662650603,0.0024154589371980675,0.00975609756097561,Bhutan,28.0,0.004737631464264941
144708,102,184,192,139,167,68,97,189,214,325,312,333,120,195,0.0013251783893985728,0.0008161599673536013,0.002269985071269351,0.0021313659186392047,0.002225112967273723,0.0014673011258450695,0.0012975689462229759,0.0006663918658972245,0.0004673796497401919,0.001149148460347497,0.000957392586062017,0.001324192725216216,0.0012706304813203508,0.0007048677336429223,Bolivia,2637.0,0.0012909054205877798
87901,1184,1293,2415,0,975,739,437,2373,0,1286,940,763,811,344,0.0034019996637558473,0.008085259107132176,0.007665029183367992,0.009533178503696641,0.013214546276601211,0.0,0.024993680485338725,0.004623996106108542,0.007881153485197509,0.01050725809058873,0.0,0.02672110469362013,0.014514227984509177,0.013469698865769444,Bosnia and Herzegovina,13560.0,0.010329366603263295
10742,0,0,789,0,0,0,527,0,0,443,0,0,0,372,0.029757619390448763,0.0,0.0,0.0,0.03673909437717698,0.0,0.0,0.04570288786748764,0.0,0.0,0.0,0.0734500093092534,0.0,0.0,Botswana,2131.0,0.013260686496026198
151,0,0,0,0,0,0,1,0,0,0,0,0,0,0,0.0,0.0,0.0,0.0,0.0,0.0,0.0,0.006622516556291391,0.0,0.0,0.0,0.0,0.0,0.0,Brunei,1.0,0.0004730368968779565
145300,3475,3138,3280,3614,2037,577,2764,3980,3328,3075,3097,1287,497,2095,0.011674626216919571,0.002777281058607895,0.007243970393718515,0.017740937628889602,0.01793076102231578,0.01979008711681979,0.02424094771142309,0.01712292700454092,0.0035873268508617045,0.012826890502307833,0.02328713279593796,0.021591305549887106,0.021092253402789446,0.023916035788024776,Bulgaria,36244.0,0.01605874878878886
2886,45,79,52,29,65,56,103,154,0,110,171,144,136,179,0.04441687344913151,0.03492552645095018,0.0384,0.04777870913663034,0.03170942634765062,0.0,0.04645550527903469,0.03206724782067248,0.017743979721166033,0.021028793270786154,0.009470934030045721,0.01727574750830565,0.026953258273626747,0.015592515592515593,Burkina Faso,1323.0,0.027415608348608265
90713,1476,1411,2920,0,1527,1108,1276,2735,1321,0,2728,0,1127,1170,0.01079913606911447,0.010511588863498577,0.0,0.026108511106644847,0.0,0.01280460616869899,0.0272326273760094,0.012868740860269276,0.011300702724203698,0.015820555325321176,0.0,0.031196581196581197,0.015305513672997864,0.01627109675570205,Myanmar,18799.0,0.013587118579931539
688,1,0,3,0,2,0,4,18,4,0,3,5,1,0,0.0,0.0013736263736263737,0.006915629322268326,0.004166666666666667,0.0,0.00558659217877095,0.025787965616045846,0.005763688760806916,0.0,0.002890173410404624,0.0,0.0043541364296081275,0.0,0.0014534883720930232,Burundi,41.0,0.004163711937877918
10761,55,51,71,58,40,27,35,20,74,11,59,40,55,4,0.00035220568812186317,0.004866395328260485,0.003551767004084532,0.005266446487547978,0.000982844889206576,0.006655873358517719,0.0018021265092809514,0.003163698815872729,0.0024465386009423704,0.0036376864314296106,0.005302614737611995,0.006533541915892151,0.004715236686390532,0.005111049159000093,Cape Verde,600.0,0.003884858972297113
326,3,2,4,10,1,2,2,4,2,1,0,2,0,3,0.008356545961002786,0.0,0.0056022408963585435,0.0,0.0028089887640449437,0.005649717514124294,0.011428571428571429,0.005747126436781609,0.005780346820809248,0.002898550724637681,0.029850746268656716,0.012084592145015106,0.0060790273556231,0.009202453987730062,Cambodia,36.0,0.007534922021668251
24445,42,0,0,265,0,0,0,0,211,0,124,56,0,71,0.002823847591775047,0.0,0.002232231833220393,0.004967351680487121,0.0,0.008524563671622494,0.0,0.0,0.0,0.0,0.010822068852860701,0.0,0.0,0.0017181427694825118,Cameroon,769.0,0.002220586171389162
4913,5,0,0,0,4,0,0,5,0,0,9,0,0,0,0.0,0.0,0.0,0.0018266693728435153,0.0,0.0,0.0010158472165786266,0.0,0.0,0.0008133387555917039,0.0,0.0,0.0,0.0010177081213108082,Central African Republic,23.0,0.0003338259618803325
1688,12,5,3,11,3,3,3,1,3,7,6,6,19,1,0.0005649717514124294,0.010850942318675044,0.0034383954154727794,0.0034502587694077054,0.0040415704387990765,0.001735106998264893,0.0005787037037037037,0.0017391304347826088,0.0017421602787456446,0.0017452006980802793,0.006440281030444965,0.0017595307917888563,0.0029411764705882353,0.0071090047393364926,Chad,83.0,0.0034383167028216215
6315,185,90,112,101,95,78,100,104,112,0,155,95,82,98,0.01285414480587618,0.010872447626624237,0.01275681482476165,0.021256171146461875,0.0,0.015598885793871866,0.014697569248162803,0.014334862385321102,0.01130762539866628,0.013964427458474203,0.015070128319904506,0.016995447647951443,0.013846153846153847,0.02929532858273951,Hong Kong,1407.0,0.014489286220354962
46,0,0,0,0,0,0,0,0,0,0,0,0,0,0,0.0,0.0,0.0,0.0,0.0,0.0,0.0,0.0,0.0,0.0,0.0,0.0,0.0,0.0,Macao,0.0,0.0
611,2,0,2,0,1,0,0,1,0,0,0,11,0,0,0.0,0.0,0.017828200972447326,0.0,0.0,0.0,0.0016233766233766235,0.0,0.0,0.0016260162601626016,0.0,0.0032626427406199023,0.0,0.0032733224222585926,Comoros,17.0,0.0019723970727760745
5774,0,0,0,0,0,0,0,0,275,0,0,0,0,151,0.024962803769218053,0.0,0.0,0.0,0.0,0.04762729476965708,0.0,0.0,0.0,0.0,0.0,0.0,0.0,0.0,Congo,426.0,0.005185007038491081
12772,87,128,145,149,132,114,68,155,246,1,345,0,119,52,0.0035958785699467533,0.008297308604099846,0.0,0.024648138886904338,7.144898542440698e-05,0.01789090909090909,0.01140125045972784,0.005026983070895247,0.008499217177365242,0.009939010616670432,0.011346329576606763,0.011165011165011165,0.009954117738548877,0.006811775759473849,DR Congo,1741.0,0.00918909855011313
139638,534,1168,1165,1180,0,0,2736,1009,1258,1127,1132,0,0,2222,0.014720398550484607,0.0,0.0,0.00755598571571605,0.007579629828903475,0.00853286305365258,0.006891088026990664,0.019041653617287817,0.0,0.0,0.008280411213641627,0.008242535729446724,0.008332619924093256,0.003824173935461694,Costa Rica,13531.0,0.006642954256834178
21331,3,27,28,23,29,44,22,6,34,43,28,21,41,25,0.0011531365313653136,0.0018947271130828596,0.0009714127116291979,0.0012968967114404817,0.001995637443727665,0.0015804397341142565,0.0002789789370902497,0.0010239702117756575,0.0020521430903409354,0.001354380721090977,0.0010753190892514844,0.0013108000561771452,0.0012655854504546732,0.00014064038254184053,Ivory Coast,374.0,0.0012424334417201956
128442,6439,0,8489,0,6983,1886,0,7133,4620,0,8531,3363,1472,0,0.0,0.008369057230251413,0.019493053100166354,0.052020830284404115,0.0,0.028988780965288757,0.0468539598920119,0.0,0.01254381355875839,0.048706144939666594,0.0,0.0629369592455572,0.0,0.05013157689852229,Croatia,48916.0,0.023574584008187644
8284,97,75,75,79,104,68,124,76,124,75,86,87,69,69,0.0073225087551735115,0.0073765234124438745,0.009388151505341535,0.0093671713320989,0.008236327696024599,0.013805388554887553,0.008533572872220974,0.014119790480528353,0.007803534542116135,0.01207897793263647,0.009260344625483532,0.008869441816461683,0.008948812790836416,0.011709319169483342,Cuba,1208.0,0.009772847534695492
10565,318,292,348,289,369,270,416,419,0,363,827,0,625,349,0.023111052248195485,0.04317491019618679,0.0,0.0605905194519745,0.027321993075417734,0.0,0.032563923214424494,0.033410971006344874,0.022165667843362612,0.03123941754148324,0.025080274234140415,0.031140939597315436,0.02683083708536249,0.030099384761003312,Cyprus,4885.0,0.027623563589657955
523298,5176,4568,4621,4743,1773,2654,4237,5857,6406,5872,6217,3657,2000,5172,0.008900683039655537,0.0034537601950683757,0.0063553357362075135,0.010922251210020995,0.01042367480690817,0.011502405162615567,0.010628413813127189,0.007748252208626766,0.004877071698834391,0.0032687691507837305,0.008821510872051824,0.008669110501611505,0.00864375541653894,0.009891113667546981,Czechia,62953.0,0.008150436248542678
80481,1468,1586,3208,0,2115,1745,2046,4708,3132,0,6627,0,2642,3337,0.03040325078809745,0.024664849322230106,0.0,0.06594751664361273,0.0,0.03217025997103444,0.05081544323198307,0.022582033707493128,0.0196380742307952,0.02438237091177386,0.0,0.03840306458370743,0.019353500347777275,0.018240330015780123,Denmark,32614.0,0.02475719241102034
5679,1,2,7,1,2,9,7,9,0,0,8,0,3,5,0.0008729050279329608,0.0005240174672489083,0.0,0.0013993353157250306,0.0,0.0,0.0015767344078486335,0.0012278547623223997,0.0015811665495432186,0.000351493848857645,0.00017577781683951485,0.0012319605772615277,0.00035211267605633805,0.00017608733932030288,Djibouti,54.0,0.0006763889849254629
85,0,0,0,0,0,0,0,0,0,0,2,0,1,0,0.0,0.011494252873563218,0.0,0.023529411764705882,0.0,0.0,0.0,0.0,0.0,0.0,0.0,0.0,0.0,0.0,Dominica,3.0,0.0025016903313049357
143988,314,895,812,671,975,798,685,492,2091,0,1864,0,1107,492,0.0031805135365759055,0.007207735130383827,0.0,0.012285708636246796,0.0,0.013974470360221881,0.003298958012042538,0.004614255016739305,0.005404490196742406,0.0066471229888191985,0.0045956071201090345,0.0055924020468742465,0.006202270238804729,0.0021807372836625274,Dominican Republic,11196.0,0.005370305040515886
192685,988,1203,1008,598,909,607,246,508,476,1151,386,759,586,70,0.00034634604918113896,0.002907842242115083,0.0037805394366547955,0.0019263495675694558,0.005777300379464734,0.0023949444533891483,0.002562498738927786,0.0012424367922908312,0.0030751148735251354,0.0046263779888234035,0.003052827183435094,0.005172519961411359,0.006211500828716444,0.0051275397669771905,Ecuador,9495.0,0.0034431527330343998
115911,392,421,432,427,431,418,415,434,421,445,464,478,486,511,0.004203166769483858,0.004013576790625077,0.00396315427282752,0.003861935795317403,0.0037175652871297054,0.003529480805828254,0.0036517539357324965,0.0035041205079708185,0.0035419526496856305,0.0036654958624971297,0.003644713032196388,0.0037010383468695385,0.003619855033834037,0.003381905082347663,Egypt,6175.0,0.003714265298024679
39130,0,0,588,0,413,0,214,396,0,0,422,231,486,252,0.006017191977077364,0.011740832004638354,0.00561183587202099,0.0103581159028988,0.0,0.0,0.009815342669475771,0.005332535944780842,0.0,0.010398308071906944,0.0,0.015026833631484795,0.0,0.0,El Salvador,3002.0,0.00530721400530599
5153,3,0,3,0,0,0,7,0,17,0,2,0,0,0,0.0,0.0,0.0,0.00038587690526721975,0.0,0.0032907471931862176,0.0,0.0013568521031207597,0.0,0.0,0.0,0.0005818463925523662,0.0,0.0005821851348728896,Equatorial Guinea,32.0,0.0004426791234999609
577,0,0,17,38,0,0,17,0,7,0,55,0,0,0,0.0,0.0,0.0,0.08384146341463415,0.0,0.01078582434514638,0.0,0.02689873417721519,0.0,0.0,0.06397306397306397,0.029462738301559793,0.0,0.0,Eritrea,134.0,0.015354416015115679
12497,522,450,470,561,478,248,284,544,544,0,1115,342,330,297,0.016154473755779167,0.01827748546109111,0.019307852989329872,0.06717676828533559,0.0,0.03388563597857232,0.035074145712443584,0.018652305267305925,0.01655761783949793,0.03296551724137931,0.040246789583183874,0.034894943945356,0.03456486673323604,0.04177002480595343,Estonia,6185.0,0.029252030542747443
6419,23,13,19,6,15,6,28,34,49,21,52,29,54,57,0.008421985815602837,0.00804289544235925,0.004338070306656694,0.007839589929142169,0.003176043557168784,0.007466097821118391,0.005207535610353806,0.004307029687740348,0.0009237875288683603,0.0023148148148148147,0.0009267840593141798,0.002943454686289698,0.0020180068301769638,0.003583112634366724,Eswatini,406.0,0.004393514908855216
110074,480,430,595,512,649,555,440,531,568,526,422,515,472,473,0.00405073264308164,0.004058574167863316,0.004448014371836727,0.0036581137309292648,0.004580524931640455,0.004970857472914078,0.004668747527146437,0.003883666534268944,0.004922831293241086,0.005789938532085538,0.004588677080812698,0.005361133136307936,0.0038895019628416884,0.004360702799934589,Ethiopia,7168.0,0.004516572584636028
42,0,0,2,0,0,0,0,0,0,0,0,0,2,0,0.0,0.045454545454545456,0.0,0.0,0.0,0.0,0.0,0.0,0.0,0.0,0.0,0.047619047619047616,0.0,0.0,Fiji,4.0,0.0066481137909709335
24912,970,0,876,0,873,250,361,490,840,0,878,360,300,0,0.0,0.009737098344693282,0.011822660098522168,0.02969024753144867,0.0,0.029235695391897534,0.017350046030734367,0.012947885656898963,0.009047808620752053,0.03262575678301816,0.0,0.033845916080673825,0.0,0.038937058445728964,Finland,6198.0,0.016088583784597713
2222488,8083,14064,12696,11221,12923,11022,3411,13713,14595,13750,13406,13947,11533,3063,0.0012886793119638918,0.004875875093380639,0.005931430671114566,0.005734044036568539,0.005915973386294561,0.006319218607728281,0.005972800303844928,0.0014878972578808174,0.004831085153245159,0.005696585310806189,0.004970914766155251,0.005656153450338251,0.006305112009436149,0.0036369150249630144,France,157427.0,0.004901620313122873
9214,0,25,0,15,0,0,24,0,22,0,30,0,0,21,0.0022508038585209,0.0,0.0,0.0032258064516129032,0.0,0.002371200689803837,0.0,0.002593473092716663,0.0,0.0,0.0016235523325035177,0.0,0.0027132624267419145,0.0,Gabon,137.0,0.0010555784894214096
3742,1,22,2,1,2,0,2,4,0,3,0,0,3,0,0.0,0.0007938608097380259,0.0,0.0,0.0007944915254237289,0.0,0.0010604453870625664,0.0005305039787798408,0.0,0.0005307855626326964,0.0002654632333421821,0.0005312084993359894,0.005877638258081752,0.0002672367717797969,The Gambia,40.0,0.0007608310018697556
139343,4033,4260,5068,5450,4321,2501,4673,4734,4570,4146,3907,2720,1337,3837,0.02008238120410545,0.0070470046277263,0.014544987861352042,0.021338183168668316,0.023168094415852207,0.026206682990887874,0.02790467376760252,0.02832533216952769,0.015393137405754731,0.027321471477167823,0.03568996227996647,0.03432767075780975,0.029712085704720455,0.02894296807159312,Georgia,55557.0,0.024286045421623912
51667,0,0,0,429,0,178,0,348,116,0,0,195,81,0,0.0,0.0015302363365008597,0.003697523607266108,0.0,0.0,0.0022044012010185854,0.006657229215288671,0.0,0.003416769041769042,0.0,0.008303172237598468,0.0,0.0,0.0,Ghana,1347.0,0.0018435236885315524
105271,2199,2185,1882,1648,1383,903,1250,1324,1675,1533,1395,1194,692,639,0.005131128848346636,0.00558776505547391,0.0097351770921662,0.011504869982598368,0.012804878048780487,0.01418950400271083,0.011343288696978265,0.01082522884533779,0.007881781998463795,0.012218933604276184,0.01477536602203753,0.017162920067484384,0.020331255234018797,0.02088894377368886,Greece,19902.0,0.012455788662311574
41,0,0,0,0,0,2,0,0,0,0,0,0,26,0,0.0,0.6046511627906976,0.0,0.0,0.0,0.0,0.0,0.0,0.04878048780487805,0.0,0.0,0.0,0.0,0.0,Grenada,28.0,0.046673689328255406
122062,712,686,1345,0,547,198,124,799,1313,0,1313,0,183,123,0.0009514085487538869,0.0014175167894406619,0.0,0.010274991000579093,0.0,0.01038166248922695,0.006357719178191193,0.0009876543209876543,0.0015795519816197588,0.004382837226072673,0.0,0.010894216750364491,0.005587502239887924,0.0058331012108600545,Guatemala,7343.0,0.0041891544097131675
13119,24,24,19,0,47,0,31,19,42,43,30,22,11,26,0.0019358201176382995,0.000819672131147541,0.0016420361247947454,0.002244165170556553,0.003227016885553471,0.0031619363095686213,0.0014324487334137514,0.0023426282777903725,0.0,0.003564386470499014,0.0,0.001443001443001443,0.0018260671079662178,0.001829407729247656,Guinea,338.0,0.0018191847500841202
2441,0,0,0,0,0,0,3,0,0,0,0,0,0,0,0.0,0.0,0.0,0.0,0.0,0.0,0.0,0.0012290045063498567,0.0,0.0,0.0,0.0,0.0,0.0,Guinea-Bissau,3.0,8.77860361678469e-05
5406,17,26,79,73,36,28,32,3,32,79,28,40,41,23,0.0038851351351351354,0.006973975165844531,0.006850488097276931,0.004818447771467906,0.013782274947662248,0.005614035087719298,0.000526592943654555,0.005648720211827008,0.004967181124711726,0.006427423674343867,0.013205499276410999,0.01449807304092494,0.004794394246726904,0.0031446540880503146,Guyana,537.0,0.006795492486554027
9294,2,17,18,16,23,0,29,0,35,0,57,0,0,97,0.010220208618691391,0.0,0.0,0.006041975832096672,0.0,0.00372380040429833,0.0,0.0030949839914621133,0.0,0.002460682571948219,0.0017147143928839352,0.001932782132502953,0.0018287435456110154,0.00021519259737465033,Haiti,294.0,0.00223093457763352
27,0,0,0,0,0,0,0,0,0,0,0,0,0,0,0.0,0.0,0.0,0.0,0.0,0.0,0.0,0.0,0.0,0.0,0.0,0.0,0.0,0.0,Vatican City,0.0,0.0
108253,0,891,616,0,200,1063,0,1152,617,415,501,335,316,283,0.0024746631222728427,0.002770884666310076,0.0029461427516093855,0.004425521390020052,0.003679338960209944,0.005500334299086249,0.010376228349080821,0.0,0.009667151691524191,0.0018221574344023323,0.0,0.005643919958953309,0.008230718779156236,0.0,Honduras,6389.0,0.004109790100187531
221073,4136,6635,6212,5525,6697,3870,2219,3221,5415,6197,5047,4153,3470,1893,0.0066685454609504355,0.012375178316690442,0.015033647424225421,0.018609882005899706,0.02338464092859326,0.02085997811917346,0.012564019550098102,0.008731133040590523,0.015462805360439192,0.027493934255955924,0.023208824814329402,0.026793878642535497,0.029461522408074276,0.01870875231258453,Hungary,64690.0,0.018525481617152867
5392,21,0,49,0,14,20,0,20,8,0,28,5,7,0,0.0,0.00125967248515386,0.0009005763688760807,0.005068790731354091,0.0,0.0014503263234227702,0.00363901018922853,0.0,0.003652300949598247,0.002563163676309044,0.0,0.009052281544430076,0.0,0.003894658753709199,Iceland,172.0,0.002248627215862993
543975,5533,0,14172,6027,6089,5754,5292,6058,6033,0,12698,6189,5489,6120,0.009818565109760969,0.008884464730827749,0.010118846167051703,0.021201035842072485,0.0,0.010175409006577837,0.010323051179022633,0.009099819448026824,0.009993122564241503,0.01068795012172924,0.010692236730059609,0.025790343361698102,0.0,0.010171423319086355,Indonesia,85454.0,0.010496876255725358
962070,27502,0,27263,0,12151,22388,0,21246,10403,0,17795,7451,7501,0,0.0,0.0067682124105248815,0.006768602984326201,0.016430860655775547,0.0,0.009698681732580037,0.02020784230920681,0.0,0.02175734169366736,0.011949824701156037,0.0,0.027550294470740887,0.0,0.028586277505794795,Iran,153700.0,0.010694138461698038
552549,2218,1961,3894,0,1898,1680,1815,3858,1380,0,2369,0,1012,1338,0.0023284386235412455,0.0017642280107806186,0.0,0.004147024173177209,0.0,0.002421592179310127,0.006816073778963455,0.003216944345976604,0.0029865604778496766,0.0033855253629004925,0.0,0.00699443893606932,0.0035348173197035874,0.004014123634284018,Iraq,23423.0,0.002972126203039739
72544,254,268,162,263,457,298,222,214,218,303,304,249,429,264,0.0034652490647765306,0.005662917788690005,0.0032977074973181294,0.004042391925854022,0.0040453938584779706,0.0029190434107281543,0.002873717569962937,0.0029900600705761926,0.004029858819711149,0.006218448517505545,0.003591522368492926,0.002217173514356883,0.003681419819225803,0.0035013233348037054,Ireland,3905.0,0.003752587682891425
337373,1375,1191,1821,341,1965,1595,1136,2227,2555,1281,2392,998,2043,2004,0.005593187698336278,0.005734736842105263,0.0028092734171799175,0.006778892478603412,0.0036435623288080345,0.007320413495920051,0.006421624177833141,0.0032864569621681356,0.0046357384920335054,0.00574391773189789,0.0009977762172284645,0.005356843433674865,0.003515887916681427,0.004075607710160564,Israel,22924.0,0.00470813706447364
10763,47,54,123,0,76,57,64,87,172,0,165,0,102,82,0.007002561912894962,0.008787043418332184,0.0,0.01441929563925544,0.0,0.015260402803655398,0.007778969957081545,0.0057553956834532375,0.005152309500135587,0.006917265859652316,0.0,0.01132179675994109,0.004995374653098982,0.004366812227074236,Jamaica,1029.0,0.006554087743898213
219430,4187,3591,7145,0,3160,2576,3980,3062,5990,0,4154,0,2339,2863,0.011027910667375412,0.00909143912156253,0.0,0.01641112353380399,0.0,0.024238157090773718,0.012545632587505993,0.016577185960206423,0.010845722128893997,0.013483932358450712,0.0,0.031446956093095314,0.016058707522236683,0.01908125598140637,Jordan,43047.0,0.012914858788950795
132348,43217,777,1044,992,966,745,688,944,936,973,927,956,764,683,0.0036665825625278483,0.0041183097680486,0.005179971499319994,0.005048194739421663,0.005326924235041636,0.005150753077519934,0.005221903228839952,0.00382033327965617,0.004154028013203676,0.005415466032806736,0.005592324084200557,0.005920313935420944,0.004425711275026343,0.3265406352948288,Kazakhstan,54612.0,0.027827246501847345
83618,551,961,1253,866,735,396,199,521,1205,0,1221,0,366,163,0.0017738214425630087,0.003998863710858117,0.0,0.01352084602181496,0.0,0.013524130190796858,0.005881755269307624,0.002251640642679339,0.004500818330605565,0.00842416531994636,0.010025120683467812,0.01471866557030424,0.011417505257279996,0.006589490301131335,Kenya,8437.0,0.006901915910053944
34652,511,540,629,583,631,615,594,677,666,688,950,1030,718,880,0.020237328672615216,0.01678903802085769,0.024678934253402337,0.023292306183494337,0.01715796299067285,0.016889835666463786,0.017468713714359436,0.015565629831503367,0.0163799073136952,0.01709332249762969,0.016046460420565893,0.017617567151219784,0.015357051446122344,0.014746623571511025,South Korea,9712.0,0.01780862012386521
39596,521,0,0,0,2220,468,519,557,561,562,590,524,462,329,0.007063117217689996,0.010017780476169824,0.011492740272842918,0.013109945782597103,0.012645695513253228,0.012784576468175293,0.012856615270981442,0.012124751781333955,0.01105416066324964,0.055338135952339405,0.0,0.0,0.0,0.013157894736842105,Kosovo,7313.0,0.012260386723962494
142635,357,268,657,0,247,435,0,301,304,291,549,174,0,231,0.0015798328523164043,0.0,0.0011914217633042098,0.0037733255438331214,0.0020040770226715516,0.00209799861973775,0.0020816188217069273,0.0,0.0030173968535834187,0.0017162670150155993,0.0,0.004586067290241519,0.0018742307261944723,0.002502891997055421,Kuwait,3814.0,0.001887509178975743
73178,335,420,440,401,199,422,295,322,379,327,341,297,318,236,0.00303833972757937,0.004110864057086716,0.003854189646893938,0.004444849970020074,0.00428060897226113,0.00498605483344735,0.004254194741709605,0.003912726308110618,0.005628692996145279,0.002661352876668361,0.005391741626665591,0.005951334316205213,0.005713275203025316,0.004577878597392659,Kyrgyzstan,4732.0,0.004486150276657945
39,0,0,0,0,0,2,0,0,0,0,0,0,0,0,0.0,0.0,0.0,0.0,0.0,0.0,0.0,0.0,0.05128205128205128,0.0,0.0,0.0,0.0,0.0,Laos,2.0,0.003663003663003663
17075,1302,0,1616,0,794,733,0,1296,890,0,1340,629,210,0,0.0,0.008179162609542356,0.02511379062524954,0.05652577406563739,0.0,0.03900771388499299,0.06022304832713755,0.0,0.03526242363015346,0.03971389986495273,0.0,0.08793600696522827,0.0,0.07625183016105418,Latvia,8810.0,0.030586689295282028
127944,1511,1842,1520,1478,1581,1236,984,1039,1274,1778,1518,1540,1275,1093,0.00745973245973246,0.008778271196943096,0.01071639817682057,0.010676081498308565,0.012663005932668133,0.009156574549897581,0.007523751593094659,0.007176614738316121,0.009096529188377639,0.01177259019323132,0.011128093542242333,0.01157680678157155,0.014228882623305395,0.011809854311261176,Lebanon,19669.0,0.010268799056126472
2109,28,5,3,5,0,0,0,14,14,0,72,0,0,27,0.012,0.0,0.0,0.03305785123966942,0.0,0.006469500924214418,0.0065116279069767444,0.0,0.0,0.0,0.002331002331002331,0.0014005602240896359,0.002339728591483388,0.013276434329065908,Lesotho,168.0,0.005527621824750131
1595,0,0,68,13,0,0,0,0,0,0,0,0,0,0,0.0,0.0,0.0,0.0,0.0,0.0,0.0,0.0,0.0,0.0,0.007817197835237523,0.042633228840125395,0.0,0.0,Liberia,81.0,0.0036036019053830655
82809,1278,0,1442,0,0,1568,889,536,661,0,697,899,578,0,0.0,0.006367111336322277,0.010002225189141078,0.007815390825605777,0.0,0.0074670703327986265,0.006091878253358489,0.010207010574417029,0.018332963088543066,0.0,0.0,0.017148905300462616,0.0,0.015433105097272035,Libya,8548.0,0.007061832856994357
1270,16,32,33,0,27,18,1,35,9,0,41,0,32,52,0.034346103038309116,0.021592442645074223,0.0,0.028452463566967384,0.0,0.006284916201117319,0.025053686471009307,0.0007163323782234957,0.013062409288824383,0.01998519615099926,0.0,0.02503793626707132,0.024883359253499222,0.012598425196850394,Liechtenstein,296.0,0.015143805032710386
62515,2106,2445,2516,0,5067,1387,1390,3130,3327,3066,3303,2849,1920,1431,0.015059828879931805,0.020622764524548608,0.03156716748659309,0.03798778594348411,0.03655091019634491,0.04130046179055564,0.040425696794358486,0.01828081435109685,0.018580289086257015,0.07282055704061395,0.0,0.03751528345212179,0.03783599758592408,0.0336879149004239,Lithuania,33937.0,0.03158824800230388
34678,451,673,627,588,667,531,261,388,0,1173,718,517,446,182,0.004362625245697301,0.010806357821283195,0.012685560053981106,0.017933411594275295,0.030182173734046934,0.0,0.010084208337665037,0.006829778882637708,0.014090860842798005,0.018018748142745226,0.016140986576628512,0.017512988101223394,0.01915796065928435,0.013005363631120596,Luxembourg,7222.0,0.013629358830241906
17341,0,0,172,0,0,0,0,-40,0,0,114,0,0,0,0.0,0.0,0.0,0.006524351857151033,0.0,0.0,-0.0022840175869354193,0.0,0.0,0.0,0.0,0.009918689810276224,0.0,0.0,Madagascar,246.0,0.001011358862892274
6028,0,12,3,4,2,2,0,0,0,2,10,0,3,4,0.0006594131223211342,0.0004948045522018803,0.0,0.0016520733520568314,0.0003305238803503553,0.0,0.0,0.0,0.00033063316250619935,0.000330742516950554,0.0006619228859837829,0.0004966887417218543,0.0019907100199071004,0.0,Malawi,42.0,0.0004962508738571208
65697,2323,0,2216,0,1123,2935,1012,959,2234,0,3747,1229,1371,0,0.0,0.0164240790655885,0.014942975950198186,0.04773309214130116,0.0,0.029292598177407723,0.012734709053727459,0.013621557595498964,0.041130060679101445,0.015988951534825446,0.0,0.03257865333725375,0.0,0.035359301033532735,Malaysia,19149.0,0.018557569897745384
13011,38,21,36,37,16,39,15,35,26,34,18,22,20,11,0.0008228605625374027,0.0014983518130056938,0.0016509079993996699,0.001352569882777277,0.002561398222088293,0.00196256038647343,0.002648906380080224,0.001136535838763449,0.0029637510449122273,0.0012173780719774785,0.002823134442240195,0.0027543993879112472,0.0016093187217411295,0.0029206056413803704,Maldives,368.0,0.0019944770282348634
4710,52,75,43,58,124,73,155,152,27,107,145,0,93,22,0.003783969728242174,0.016255899318300997,0.0,0.026004304160688666,0.019564819893947705,0.004961411245865491,0.028733459357277884,0.03018500486854917,0.01442117740023706,0.025111381125961927,0.011885245901639344,0.00888980773206533,0.015749685006299873,0.011040339702760084,Mali,1126.0,0.015470464674416835
9873,228,0,219,0,103,236,0,119,106,0,217,0,52,101,0.009055859410024208,0.004684262679037925,0.0,0.01993752296949651,0.0,0.009834848766004824,0.011164274322169059,0.0,0.022642233522018614,0.00998062015503876,0.0,0.02168102168102168,0.0,0.023093284715891827,Malta,1381.0,0.00943385201576453
4,0,0,0,0,0,0,0,0,0,0,0,0,0,0,0.0,0.0,0.0,0.0,0.0,0.0,0.0,0.0,0.0,0.0,0.0,0.0,0.0,0.0,Marshall Islands,0.0,0.0
8601,109,153,142,176,178,157,163,197,229,163,233,279,191,164,0.01494850059247106,0.017717996289424862,0.02656889820017141,0.022691858200233735,0.016130628401781297,0.023187525313892263,0.020353342287426388,0.017129045817570406,0.01677529650603697,0.019387866245507025,0.019544697390338702,0.016021663093760578,0.01756601607347876,0.012672945006394605,Mauritania,2534.0,0.018621162815606294
504,1,3,0,0,0,0,3,4,0,0,0,0,0,8,0.015533980582524271,0.0,0.0,0.0,0.0,0.0,0.007827788649706457,0.005905511811023622,0.0,0.0,0.0,0.0,0.005940594059405941,0.001984126984126984,Mauritius,19.0,0.002656571577627662
107364,1499,1717,1727,1522,1728,808,1130,1709,3481,0,3038,0,795,735,0.005809450038729667,0.006323425308018421,0.0,0.02476260341525044,0.0,0.029202040199993288,0.014545299799991489,0.009710823701284751,0.006992220289554073,0.015180665735445274,0.013552138335099327,0.015617652378368601,0.01577211724828454,0.013961849409485489,Moldova,19889.0,0.012245020418536095
609,8,4,9,0,7,1,3,7,7,2,2,9,0,3,0.004491017964071856,0.0,0.013657056145675266,0.0030441400304414,0.0030534351145038168,0.010802469135802469,0.0109204368174727,0.004702194357366771,0.0015698587127158557,0.011111111111111112,0.0,0.014492753623188406,0.006482982171799027,0.013136288998357963,Monaco,62.0,0.006961696013036188
801,11,7,12,11,7,38,1,5,5,7,1,1,5,5,0.005482456140350877,0.005512679162072767,0.0011037527593818985,0.0011049723756906078,0.0077951002227171495,0.005599104143337066,0.00563063063063063,0.0011273957158962795,0.0447585394581861,0.00831353919239905,0.013237063778580024,0.014652014652014652,0.008620689655172414,0.01373283395755306,Mongolia,116.0,0.009762197988855898
35265,584,502,581,535,412,367,316,591,454,558,381,402,478,377,0.009100564862646647,0.01167334179935528,0.00991466482513688,0.009485870783020042,0.014088418713863711,0.011595535463438306,0.015325968570094913,0.008262301940072164,0.009688745743023839,0.010996343448901701,0.014486082530055237,0.015983054111303678,0.01400318000502106,0.01656032893804055,Montenegro,6538.0,0.012226028695283856
356336,3508,4346,4434,3996,4118,2919,1531,2900,4096,3345,3035,3033,2012,1217,0.0030454769537222636,0.005060400355133464,0.0076869658661205785,0.007751660796518266,0.008617047585681017,0.01066422278227906,0.007607794579052856,0.004032587309071083,0.007748090184690687,0.011051473350866835,0.010840314249750424,0.012174963617891759,0.012077455786396327,0.009844641012976517,Morocco,44490.0,0.008443078173582225
15701,69,96,52,120,95,111,82,47,148,0,159,132,142,48,0.00283119027958004,0.008446347846776113,0.007913669064748202,0.009624114763028872,0.0,0.00903927197214927,0.0028788435624157783,0.005048017729623246,0.0068803074443686855,0.005923431849357775,0.007538635506973238,0.0032774486322954747,0.0060875079264426125,0.004394624546207248,Mozambique,1301.0,0.005705957937426182
14380,36,61,122,205,146,128,141,79,475,0,496,0,267,190,0.011490082244799226,0.016411580306103634,0.0,0.03144614214163444,0.0,0.031049810432736306,0.005190879821276037,0.009351372861122165,0.008561872909698997,0.009862199405566064,0.014042057675183232,0.008427160323271395,0.004231409544950056,0.0025034770514603616,Namibia,2346.0,0.010897717479842995
233452,2794,0,2615,0,1024,2110,0,2438,1217,0,1943,830,821,0,0.0,0.0033048469747165117,0.0033522757105410896,0.0079096275188276,0.0,0.004978869465252236,0.010074588317940454,0.0,0.008795881359818247,0.0042870121116465225,0.0,0.01106897047992347,0.0,0.011968199030207495,Nepal,15792.0,0.004695733640633831
2059,1,9,0,9,0,1,6,3,0,4,0,4,0,0,0.0,0.0,0.0019120458891013384,0.0,0.0019157088122605363,0.0,0.0014388489208633094,0.002886002886002886,0.00048123195380173246,0.0,0.0043499275012083135,0.0,0.004368932038834952,0.00048567265662943174,New Zealand,37.0,0.0012741693327644641
5784,54,0,0,0,0,0,0,49,0,0,0,0,0,0,0.0,0.0,0.0,0.0,0.0,0.0,0.008393285371702638,0.0,0.0,0.0,0.0,0.0,0.0,0.00933609958506224,Nicaragua,103.0,0.0012663846397689197
1548,38,54,0,86,63,67,38,93,91,48,34,39,59,64,0.0283436669619132,0.026830377444292862,0.018055555555555554,0.01599247412982126,0.023099133782483156,0.04579768495218923,0.049102428722280884,0.020474137931034482,0.03745108999441028,0.03650057937427578,0.0524390243902439,0.0,0.034047919293820936,0.02454780361757106,Niger,774.0,0.029477276867849476
67557,281,122,343,324,310,318,390,550,474,675,796,617,418,199,0.002719508028698326,0.005745151669255192,0.008552813972830607,0.011157210136801973,0.009551571410377959,0.006752617707813947,0.007897192906884917,0.005631362356508555,0.004612907437225293,0.0045171725414195575,0.004743569096525775,0.005047086521483226,0.0017984020755328872,0.004159450538064153,Nigeria,5817.0,0.005920429742815884
61878,1067,945,1341,1099,981,657,364,1120,502,929,1161,981,613,213,0.002892528314185611,0.008394385484423143,0.01361667869635223,0.016379103593245205,0.013280155530777368,0.007228013592121177,0.016390563718316455,0.005355461393596987,0.009760663190266078,0.014789687924016283,0.016847817755361715,0.02098920018782282,0.0150131066804353,0.01724360839070429,North Macedonia,11973.0,0.012727212460830332
36150,441,378,402,430,272,250,380,460,605,255,416,364,200,331,0.008072580055117918,0.004901600372521628,0.009001211701575211,0.010394023436523998,0.006412190706095353,0.015448254730230064,0.011885383561997778,0.00991571641051066,0.006566333096945342,0.0071955768365916245,0.01150624816033823,0.010873975492980605,0.010330409116995983,0.012199170124481329,Norway,5184.0,0.00962161955735041
123699,446,0,184,0,557,229,210,165,179,0,0,571,264,215,0.001699551002339847,0.002091254752851711,0.00454368221279711,0.0,0.0,0.0014264084787632481,0.0013165769000598444,0.0016784558206450065,0.001833672309145941,0.004480048902508666,0.0,0.001482137822707318,0.0,0.003605526317916879,Oman,3020.0,0.0017255224656953978
165806,1505,2028,1880,2388,2300,1812,1511,1936,1811,2447,2355,2806,2422,1612,0.008352028682897512,0.012708240417661412,0.014943098003504119,0.012700621278798861,0.013373265492384288,0.009996356932316219,0.010801763097695698,0.008502186035257908,0.010300897633408563,0.013248313720068891,0.013947050268953796,0.011101990681414205,0.012121139674020238,0.00907687297202755,Panama,28813.0,0.011512416063600662
656,13,0,2,0,0,0,13,0,0,0,36,0,5,0,0.0,0.006944444444444444,0.0,0.05263157894736842,0.0,0.0,0.0,0.019374068554396422,0.0,0.0,0.0,0.0029895366218236174,0.0,0.019817073170731708,Papua New Guinea,69.0,0.007268335838483187
82424,1055,1003,995,1022,714,707,803,698,725,812,1155,800,669,641,0.006849607830565707,0.007200284136773111,0.008684984746995538,0.01269816838540865,0.009007609877310141,0.008107715189944197,0.007867182128647588,0.009133303002729755,0.008106589613933703,0.008254430687059966,0.01195643272459258,0.01177765677895883,0.012014997783873788,0.01279966999902941,Paraguay,11799.0,0.009604188063273069
432925,1432,1056,932,0,3489,1565,1386,1379,1376,1499,1292,1069,1333,1106,0.002453780841429405,0.00296617712505563,0.0023843990266120343,0.002890128154366845,0.003364456614445392,0.0030979548094847847,0.0031143783100150185,0.003140016175840906,0.0035581605787638063,0.007995966494402365,0.0,0.0021404964941331562,0.0024311798819864764,0.0033077322861927586,Philippines,18914.0,0.0030603447709091837
990811,22936,0,28099,0,21603,4421,8310,12166,13750,0,24604,8976,4896,0,0.0,0.004311088726009883,0.007966628206266087,0.02232473396146978,0.0,0.012633849896999668,0.011304800312215429,0.007781846104862952,0.0041572280382039944,0.02073531020899442,0.0,0.027717961187554686,0.0,0.023148713528614438,Poland,149761.0,0.010148725726513668
298061,2401,3384,3772,4935,6087,3834,2597,2905,7231,0,5080,4413,4044,2194,0.006291147661321772,0.011731940818102698,0.012968464854666796,0.015154814786087403,0.0,0.022047344927677636,0.008936509254901238,0.008053362441623201,0.012032387647501882,0.019475097023544805,0.016042624293766943,0.012414183500852405,0.011262655510513808,0.00805539805610261,Portugal,52877.0,0.01174756648404737
138833,423,0,387,0,140,125,178,267,163,0,311,134,0,160,0.0011350657273997773,0.0,0.0009515220802829003,0.002213271086566654,0.0,0.0011613574344688036,0.0019059720457433292,0.001272264631043257,0.0008942432198479071,0.0010025565191237656,0.0,0.0027790544034009307,0.0,0.0030468260427996227,Qatar,2288.0,0.0011687237993340677
475362,9188,0,15723,0,8072,8891,0,14804,7067,0,12793,4435,0,3252,0.005845398905335814,0.0,0.008035876064504439,0.023729983101684823,0.0,0.01328283587700173,0.028621364328855686,0.0,0.017490090391368066,0.016135190186158357,0.0,0.0324486637085956,0.0,0.019328427598335585,Romania,84225.0,0.011779845011560005
5934,14,46,17,32,41,45,62,46,41,71,79,100,131,88,0.013215197477098664,0.020067401960784315,0.015556938394523958,0.012442904394392818,0.011309334182860785,0.006573673240339907,0.007430140526570829,0.010115842714961657,0.0073964497041420114,0.006784709581333774,0.005323573448677425,0.0028361695028361693,0.00773369199731002,0.0023592854735422987,Rwanda,813.0,0.009224665185669617
22,0,0,0,0,3,0,0,0,0,1,1,0,0,1,0.037037037037037035,0.0,0.0,0.038461538461538464,0.04,0.0,0.0,0.0,0.0,0.13636363636363635,0.0,0.0,0.0,0.0,Saint Kitts and Nevis,6.0,0.01799015799015799
259,0,2,1,0,3,0,5,0,1,0,3,0,1,3,0.01090909090909091,0.0036496350364963502,0.0,0.01107011070110701,0.0,0.003703703703703704,0.0,0.018867924528301886,0.0,0.011450381679389313,0.0,0.0038314176245210726,0.007722007722007722,0.0,Saint Lucia,19.0,0.005086019421758426
85,0,0,2,0,0,0,0,3,1,0,3,0,4,0,0.0,0.0425531914893617,0.0,0.03296703296703297,0.0,0.011111111111111112,0.034482758620689655,0.0,0.0,0.0,0.0,0.023529411764705882,0.0,0.0,Saint Vincent and the Grenadines,13.0,0.010331678996635809
2,0,0,0,0,0,0,0,0,0,0,0,0,0,0,0.0,0.0,0.0,0.0,0.0,0.0,0.0,0.0,0.0,0.0,0.0,0.0,0.0,0.0,Samoa,0.0,0.0
1612,38,37,27,42,33,0,11,34,34,0,64,0,0,2,0.0010351966873706005,0.0,0.0,0.034261241970021415,0.0,0.018538713195201745,0.01888888888888889,0.006148686416992733,0.0,0.01879271070615034,0.024504084014002333,0.016004742145820983,0.022424242424242423,0.02357320099255583,San Marino,322.0,0.013155121960089094
991,5,1,0,2,0,0,3,3,0,4,0,0,0,1,0.0009910802775024777,0.0,0.0,0.0,0.003980099502487562,0.0,0.0029940119760479044,0.003003003003003003,0.0,0.0,0.0020060180541624875,0.0,0.001004016064257028,0.005045408678102927,SÃ£o TomÃ© and PrÃ­ncipe,19.0,0.0013588312539688137
357360,263,249,464,0,190,187,209,352,0,141,334,0,139,125,0.000347330280531721,0.00038638050418486223,0.0,0.0009292878705674499,0.0003924581238831644,0.0,0.0009807144727823872,0.0005826384881506943,0.0005215800248796461,0.0005302286122521879,0.0,0.0012965529574820048,0.0006962639427553597,0.00073595254085516,Saudi Arabia,2653.0,0.0005285277013089027
16089,84,0,124,0,100,156,0,112,101,0,295,14,71,0,0.0,0.004158125915080527,0.0008205849598499501,0.01759513300727663,0.0,0.006060606060606061,0.006766145109647798,0.0,0.009513935476001708,0.006136098668466589,0.0,0.007667099486798986,0.0,0.00522095841879545,Senegal,1057.0,0.004567049078751692
175438,7999,7919,15584,0,6903,5809,6557,15622,7393,0,12213,0,4995,4932,0.018511289935142925,0.01910594139314634,0.0,0.049004108753571085,0.0,0.030570935901518003,0.06906002855766127,0.029851765520004372,0.027164789120990632,0.033357494926065524,0.0,0.08143982942787266,0.04317013470564826,0.04559445502114707,Serbia,95926.0,0.03191648380448344
183,0,0,1,0,0,0,0,0,0,0,3,0,0,0,0.0,0.0,0.0,0.016304347826086956,0.0,0.0,0.0,0.0,0.0,0.0,0.0,0.00546448087431694,0.0,0.0,Seychelles,4.0,0.0015549163357431353
2412,1,3,0,4,0,6,2,0,6,1,3,2,0,5,0.0020491803278688526,0.0,0.0008203445447087777,0.0012320328542094457,0.0004108463434675431,0.002471169686985173,0.0,0.0008244023083264633,0.0024793388429752068,0.0,0.0016556291390728477,0.0,0.0012432656444260257,0.00041459369817578774,Sierra Leone,33.0,0.0009714859564440086
58228,2,9,3,13,5,13,12,6,6,8,8,7,5,16,0.0002743249035576511,8.573388203017832e-05,0.0001200418431567575,0.00013720950175799673,0.00013722833078889138,0.00010293184196531197,0.00010294243802007378,0.00020592727335129476,0.00022313765877102643,8.582954252853832e-05,0.00022320662065176335,5.1511873486838715e-05,0.0001545595054095827,3.4347736484165694e-05,Singapore,113.0,0.00013849521085429077
107183,2043,0,4166,0,3339,552,1949,2564,3125,0,2166,5897,505,2034,0.015237210556675082,0.003797449317211093,0.046401284159670146,0.01733895822159605,0.0,0.025657657065913494,0.021504294149221684,0.016617924166332718,0.004728820964439609,0.029446521800479752,0.0,0.03814110193543662,0.0,0.019060858531670135,Slovakia,28340.0,0.016995148633474743
75814,3749,3,1783,1784,1642,1510,1630,2160,1847,0,3559,830,434,0,0.0,0.004506235009500472,0.008692828939789067,0.03871760840712778,0.0,0.020505134610047184,0.024569186145708924,0.018890884858318364,0.01781185491005603,0.019751482564084058,0.0219302019692928,0.022409069200412236,3.7705968854869723e-05,0.0494499696625953,Slovenia,20931.0,0.017662297303270503
17,0,0,0,0,0,0,0,0,0,0,0,0,0,0,0.0,0.0,0.0,0.0,0.0,0.0,0.0,0.0,0.0,0.0,0.0,0.0,0.0,0.0,Solomon Islands,0.0,0.0
4451,74,0,0,0,0,0,54,0,0,0,0,0,0,0,0.0,0.0,0.0,0.0,0.0,0.0,0.0,0.011933701657458563,0.0,0.0,0.0,0.0,0.0,0.016625477420804315,Somalia,128.0,0.0020399413627330627
790004,2295,4173,4400,4932,4645,4116,3313,4011,6709,8166,8319,7882,7999,5163,0.005996766415320501,0.009377875997256629,0.009326894518053257,0.00994187130421481,0.009855201195272013,0.00816290277640898,0.004904154409337334,0.004067201512463707,0.005078666270178629,0.005764429067118058,0.006158287466661339,0.005524362438353137,0.005266950986938012,0.002905048582032496,South Africa,76123.0,0.006595043781400636
3109,2,7,36,0,12,15,0,0,0,0,0,25,0,0,0.0,0.0,0.00785916378497328,0.0,0.0,0.0,0.0,0.0,0.004737839545167404,0.003804692454026633,0.0,0.011545862732520847,0.0022500803600128574,0.000643293663557414,South Sudan,97.0,0.0022029237528756024
23987,545,878,880,269,669,649,703,1157,876,0,1522,0,655,688,0.02098200670936261,0.02038276023027851,0.0,0.04971744030313919,0.0,0.029458250664155767,0.04048285514345696,0.02521792158410159,0.023835757308652856,0.025189201400655146,0.010232027386839102,0.03463203463203463,0.03578998858633621,0.022720640346854545,Sri Lanka,9491.0,0.024188634592561938
17810,235,209,281,0,661,272,279,337,384,0,376,303,239,205,0.0095857102777518,0.011301839504421431,0.014536557282671272,0.01837013875317569,0.0,0.01911969727145987,0.01706588342533043,0.014331210191082803,0.014169618670556366,0.03566226058807661,0.0,0.015393886271502136,0.011582155721806594,0.013194834362717574,Sudan,3781.0,0.013879556594325184
5312,7,1,2,0,2,0,1,1,7,4,2,1,13,6,0.0011208668036614981,0.0024344569288389513,0.00018730099269526128,0.00037474236462432077,0.0007500468779298706,0.0013143071723619977,0.00018779342723004695,0.00018782870022539445,0.0,0.0003757985719654265,0.0,0.00037593984962406017,0.00018800526414739614,0.0013177710843373493,Suriname,47.0,0.000629632716974398
327072,8588,0,8837,0,0,9809,0,9348,5041,0,5136,0,10726,0,0.0,0.02869210953612729,0.0,0.013930213319952806,0.0,0.013862077689232073,0.026383973175729453,0.0,0.028473397446131605,0.0,0.0,0.026327235893463623,0.0,0.02625721553664025,Switzerland,57485.0,0.011709015899805508
7887,86,86,88,86,87,83,87,90,95,112,124,130,125,136,0.014837442723107134,0.013825904214135605,0.014588710582426214,0.014111756003186525,0.012910662824207492,0.011072261072261072,0.01060070671378092,0.01035344519814352,0.009975961538461538,0.01056722944248755,0.010556032895544373,0.01091946891673905,0.01078640411388436,0.010904019272220108,Syria,1415.0,0.011857857536470392
679,6,1,4,3,23,0,2,2,4,1,8,3,4,2,0.002702702702702703,0.005434782608695652,0.004092769440654843,0.011034482758620689,0.0013812154696132596,0.005555555555555556,0.002785515320334262,0.002793296089385475,0.0,0.03318903318903319,0.004347826086956522,0.0058309037900874635,0.00145985401459854,0.008836524300441826,Taiwan,63.0,0.006388890094762856
12194,37,38,39,41,40,39,41,42,77,0,36,0,80,37,0.0029124685138539044,0.0063371356147021544,0.0,0.002859866539561487,0.0,0.006154583966109823,0.003368353516721469,0.0032990022529771484,0.0031479538300104933,0.00323912867438659,0.003331166720831979,0.0031787431738527997,0.003106859619000899,0.0030342791536821386,Tajikistan,547.0,0.0031406815411207773
509,0,0,0,0,0,0,0,0,0,0,0,0,0,0,0.0,0.0,0.0,0.0,0.0,0.0,0.0,0.0,0.0,0.0,0.0,0.0,0.0,0.0,Tanzania,0.0,0.0
4008,18,13,14,19,14,21,19,25,18,11,12,17,28,9,0.002124144441822044,0.006652411499168448,0.0040553435114503815,0.0028708133971291866,0.002638522427440633,0.004336304504938569,0.0060591371788657295,0.004626247869491113,0.005139500734214391,0.00343811394891945,0.004687885516901061,0.0034662045060658577,0.003229011425732737,0.004491017964071856,Thailand,238.0,0.004129618494729389
30,0,1,0,0,0,0,0,0,0,0,0,0,0,0,0.0,0.0,0.0,0.0,0.0,0.0,0.0,0.0,0.0,0.0,0.0,0.0,0.03333333333333333,0.0,Timor-Leste,1.0,0.0023809523809523807
2974,23,17,25,12,34,10,16,21,19,31,20,19,30,15,0.004613964933866502,0.009313877677739833,0.005933791380387258,0.006285355122564425,0.009838146620120596,0.006066411238825032,0.006750241080038573,0.005169628432956382,0.0032414910858995136,0.011143887250081941,0.003948667324777887,0.00829462508294625,0.005672339005672339,0.00773369199731002,Togo,292.0,0.006714722730941897
6669,16,19,21,10,16,16,8,7,26,25,19,12,15,6,0.0008722197993894462,0.0021853146853146855,0.0017513134851138354,0.0027806234450460997,0.003672150411280846,0.0038336773813034504,0.001033210332103321,0.0011822077730161075,0.0023700192564064583,0.0023756495916852265,0.001486988847583643,0.0031324582338902148,0.002842183994016455,0.002399160293897136,Trinidad and Tobago,216.0,0.0022797983950033516
96769,1303,1208,0,2620,1091,1011,327,1116,1411,958,1290,1289,968,0,0.0,0.008768671926662017,0.011814415603460918,0.011965050921030665,0.008965336527663398,0.01338138365972782,0.010696929904436926,0.0031441703044172227,0.00981639172354866,0.01070657507360157,0.02639000805801773,0.0,0.012317481034342116,0.01346505595800308,Tunisia,14592.0,0.010102247906779436
638847,30110,31923,32381,32736,31896,30402,32137,33198,31712,823225,32106,29136,26919,29617,0.016124869877303553,0.014873945261627056,0.016362352885678617,0.018361321013149624,0.8896440451206149,0.03548672269283708,0.038582944381427,0.038798978624765335,0.038102853390116216,0.04163984976442466,0.04464440356162403,0.04620049081155119,0.04772055602975976,0.04713178585795973,Turkey,1227498.0,0.09526250851948846
20459,576,374,203,286,290,311,701,660,1199,671,1341,0,461,234,0.00849920092982711,0.01702929333973625,0.0,0.05211815001943257,0.026776806736102797,0.05025146689019279,0.028448275862068967,0.031156940308458152,0.01401658554173427,0.013243218558772491,0.013233388858041829,0.009481993554112757,0.01777989065842643,0.028153868713035827,Uganda,7307.0,0.022156362854995875
168860,2574,0,2628,0,1214,2301,1260,1313,1255,0,2350,0,2286,0,0.0,0.012440477810127616,0.0,0.012954438962542378,0.0,0.006966416874826534,0.007341881154347254,0.007095513495554042,0.013127866907049453,0.006974526318208454,0.0,0.015329514565372097,0.0,0.015243396896837617,United Arab Emirates,17181.0,0.0069624309274903895
5857,167,201,230,276,234,338,202,301,298,383,362,331,528,321,0.033065512978986404,0.05751633986928104,0.03740535653746186,0.042653470012961,0.04726061204343534,0.03817576223417884,0.04010659560293138,0.02765986580857182,0.048528356066044505,0.0347645223592334,0.04275755228505035,0.036947791164658635,0.03336653386454183,0.0285128905583063,Uruguay,4172.0,0.039194368670403046
73094,241,96,161,159,153,149,153,146,146,166,147,145,138,147,0.0019575465416677763,0.0018410801003255243,0.0019382176417906457,0.00196882031501125,0.002228247738194314,0.001963632451043684,0.00196749588982023,0.002066087801979663,0.0020161290322580645,0.0020745481417201125,0.002160560930535928,0.002192534488158952,0.0013090611577009613,0.0032971242509645116,Uzbekistan,2147.0,0.002070077605797973
1,0,0,0,0,0,0,0,0,0,0,0,0,0,0,0.0,0.0,0.0,0.0,0.0,0.0,0.0,0.0,0.0,0.0,0.0,0.0,0.0,0.0,Vanuatu,0.0,0.0
102394,227,446,481,329,300,265,462,480,468,428,435,462,609,339,0.003145120887684857,0.005682189275684149,0.00432928829124303,0.004092961987203613,0.0040433813248686844,0.004440901844682305,0.004575611988103409,0.004423507784224737,0.002543747660232105,0.0028880310367068746,0.003177270444624715,0.004666867183482589,0.0043460890071232985,0.0022169267730531086,Venezuela,5731.0,0.003897992534922677
1347,11,0,3,0,4,1,1,14,4,0,10,2,0,5,0.0035790980672870437,0.0,0.0014336917562724014,0.007220216606498195,0.0,0.002896451846488052,0.010241404535479151,0.0007320644216691069,0.0007326007326007326,0.0029390154298310064,0.0,0.0022091310751104565,0.0,0.008166295471417966,Vietnam,55.0,0.0028678549959038654
85647,4545,0,4484,0,1422,3660,0,3234,1887,0,3220,1639,1364,0,0.0,0.012429605059323116,0.015162027400808518,0.03070204712096797,0.0,0.018321811402827404,0.03241845265542613,0.0,0.038086120418739204,0.015019645950399256,0.0,0.0497161610785879,0.0,0.05306665732600091,Palestine,25455.0,0.018923037743791456
2191,6,20,22,28,37,33,46,-305,1,2,1,1,0,1,0.00048007681228996637,0.0,0.0004803073967339097,0.0004805382027871216,0.000962000962000962,0.00048123195380173246,-0.12798992866135123,0.019683354728284124,0.014322916666666666,0.016321129245699163,0.012505582849486378,0.009923319801533603,0.009103322712790168,0.0027384755819260614,Yemen,-107.0,-0.0028934051248108127
17647,18,35,30,127,41,18,15,32,128,0,126,0,105,0,0.0,0.005763846956139869,0.0,0.006964789121662705,0.0,0.0071257585035907145,0.0017846188165746473,0.0008372404554588078,0.0010056989607777405,0.002296018368146945,0.0071630005640157925,0.001694915254237288,0.0019813189923577695,0.0010200034000113333,Zambia,675.0,0.0026883720994981155
10034,95,0,295,123,70,101,121,73,95,74,81,57,27,112,0.009959096567668505,0.0024066316070951066,0.005106611718330049,0.007309809583972566,0.006722994458072136,0.008706011730205278,0.006734938647476704,0.01128941966784848,0.009513045116322878,0.006636958376789608,0.011799693016116653,0.029124296574192913,0.0,0.009467809447877217,Zimbabwe,1324.0,0.008912665465140577
13920038,188568,205659,236876,223026,209258,176104,210810,224600,243492,200962,268799,241174,187901,205713,0.012290716280023494,0.011353969692857116,0.014788518555582372,0.016758676590816125,0.012688251759280953,0.015613526926908787,0.014612559944188608,0.013906104866450665,0.011753254012350313,0.014163776543205447,0.01532704548736075,0.016548247499958958,0.014576847634698992,0.01354651474370975,United States,3022942.0,0.014137715038385165
9463254,41549,30161,55122,18332,36111,34071,26405,37282,38199,16506,47330,15293,25101,21791,0.0022045145252529257,0.002545839771634085,0.0015534843334055915,0.004831074680881642,0.0016876461967227396,0.003920947925266418,0.003841523007973721,0.0027281838282396213,0.0035326764013048225,0.0037582669696509872,0.001911557414605041,0.005781039131348582,0.003173237783045056,0.0043905616397911336,India,443253.0,0.003275753829223026
6336278,52248,48124,50866,47435,42226,26363,24525,47850,54203,53425,52770,44282,21395,27419,0.003972622388615457,0.003109469457219906,0.006477468190821573,0.007779120733811225,0.007938196625972976,0.008119186658308263,0.007219301560862786,0.0037139170808384594,0.004008254605281263,0.006461563369029087,0.007311735339072767,0.007902558007659264,0.007532880041499401,0.008245850324117723,Brazil,593131.0,0.006413723170222154
2322056,25345,28145,27403,28782,29039,28142,26097,26190,27927,28585,28137,28080,27328,26689,0.009953917119439546,0.010297189675077846,0.010693688286603033,0.010831458926724335,0.011126351918901604,0.01098969423488676,0.010413481621735747,0.010485304422173223,0.011436257756718426,0.011941699143531912,0.011977782299998876,0.011535453323151814,0.011989856015227052,0.010914896109310025,Russia,385889.0,0.011041930775248588
1629657,13429,16170,14878,16298,15539,17271,14718,12281,16578,20964,21672,21501,18447,20263,0.0109565086679323,0.010075064611055645,0.011882583429817265,0.012122276585021784,0.011865391984125142,0.009471838449676358,0.007066330640521071,0.008540878181938463,0.010123853219075822,0.009192324802180744,0.009735182488379067,0.00896666939881489,0.00984123776844304,0.008240384326272339,United Kingdom,240009.0,0.00986289461094671
1601554,19347,20709,23219,24110,21052,18887,13679,14837,12755,16998,18726,19902,17937,12025,0.006522168321299639,0.009824321178677547,0.011020708543734803,0.01047815316815013,0.009602581477604427,0.007257905739976351,0.008514499095295018,0.007912067826648266,0.01104508737180488,0.012464630161302451,0.014481967817715814,0.01414404152021491,0.012776227542582798,0.01208014216192523,Italy,254183.0,0.010580321566209446
1648187,8257,9331,10127,8745,0,0,17681,0,9773,7955,10519,0,0,21309,0.012313248486774626,0.0,0.0,0.006115498565162995,0.004646338037300369,0.005740961788797459,0.0,0.010495373808281498,0.0,0.0,0.005218085544381473,0.006079452507091294,0.005633151498028306,0.005009747073602692,Spain,103697.0,0.004375132664958622
1316806,7986,9297,9233,9285,9642,8854,5997,7510,7523,7778,8998,8163,8702,8742,0.00613140652024795,0.0061408312351101425,0.005793844740859771,0.006427551465771753,0.005587109852291412,0.0054332989072735285,0.0054534892164693925,0.004373850833963604,0.0064995459714046406,0.007128456380899996,0.006911968984353714,0.006920827620945829,0.007017705420926455,0.006064674674933134,Colombia,117710.0,0.006134611558960808
1069763,18696,17373,32180,14271,17812,14998,14913,22856,29006,18564,33768,16392,17891,18658,0.013939661542208605,0.01354771193525328,0.012568624444103666,0.02657993501423138,0.014829039483396013,0.023719765599061873,0.019046571433809497,0.012583822535446584,0.012817762660296814,0.015458008145568407,0.012540289557579357,0.029100261160827322,0.015961097294431854,0.017476768218754997,Germany,287378.0,0.0171549513589264
1113543,8819,11251,11030,12127,11625,7455,6399,11006,11974,11897,12253,12057,8608,5930,0.004743833017077799,0.006933905573867682,0.009807390560600107,0.01006715820712071,0.009871153116959516,0.010034736917088134,0.009309375605308187,0.005442020665901263,0.00638054767437382,0.01004953447962862,0.010594569660584129,0.00972995193244961,0.01002439498129837,0.007919766008137989,Mexico,142431.0,0.008636309885742564
963605,1623,1847,1771,2014,1828,1224,1204,1505,691,1799,1832,2102,1928,1157,0.0011746514879088057,0.001961253045384494,0.002142836026150347,0.0018710850965825121,0.0018407632363052946,0.0007075416154270694,0.0015434061178362368,0.0012362513245549906,0.0012583685621699867,0.0018828667367076612,0.0020787617433524006,0.001831295401080578,0.0019135375268848397,0.001684300102220308,Peru,22525.0,0.0016519227158975375
745123,13141,14496,15131,13825,11590,8641,10811,12585,13371,13514,12811,9176,6451,8416,0.009344196405770841,0.007214148722622635,0.010367904691205698,0.014687673406494631,0.01573748652054118,0.01581724814661031,0.01511243362417413,0.013152916185593475,0.010624537381993985,0.014456490827175709,0.017546843408542553,0.019580464827372017,0.01911735226781174,0.017636014456673597,Ukraine,163959.0,0.014313979348041605
523478,4045,4921,11480,0,6521,6779,7067,12674,8720,0,17918,0,9884,8457,0.013785133181306206,0.016375001449628314,0.0,0.030593236978922116,0.0,0.015113568414028581,0.02246004277934612,0.01268251188032102,0.01231549019429734,0.011988807259837772,0.0,0.02156095288894231,0.009328503212182218,0.007727163319184378,Netherlands,98466.0,0.01242360082557117
577345,1867,3040,2605,2582,2503,1814,859,1957,3071,2754,2762,2807,2171,1074,0.0017660494263628096,0.003582709260915629,0.004653830913573369,0.004600289475130622,0.004608102161323733,0.0051650599086401645,0.0033023126313036287,0.0014516118129769703,0.003074878547382624,0.004260867936926217,0.004414754375855978,0.004474007817920763,0.0052485100446813945,0.0032337683707315385,Belgium,31866.0,0.003845482334551817
551743,1121,1034,1508,1729,1533,1714,1760,1392,2906,0,3341,0,2138,1911,0.0033413822586764908,0.0037523188733917068,0.0,0.0058982416496010165,0.0,0.005156742982677176,0.00247624265754916,0.003140714726739974,0.003068011770854962,0.002751577265833236,0.003113038029837632,0.002722522919382269,0.0018702610406899345,0.0020317430397848273,Chile,22087.0,0.0028087712296441703
381544,5495,6454,6264,6419,6354,6305,7724,6171,6399,6686,6715,5984,5916,8377,0.018037163835238894,0.012902550412855441,0.013223432700594435,0.015062301627356639,0.015225594301446727,0.01478751184341275,0.014466931889844077,0.01844162975873554,0.015283736940343733,0.01564346490191444,0.016057254782280234,0.015918961709611098,0.016675322125160513,0.014402008680519154,Canada,91263.0,0.015437704679236691
400482,2829,3499,3262,3119,3308,3795,2885,2963,3138,3047,2729,3369,2362,2459,0.005578658172768253,0.005387466499401266,0.007743830679268876,0.006312351530207459,0.007097931420052181,0.007363742602231181,0.007001765210466493,0.006864242649193184,0.009111666534613528,0.00800598270533482,0.007605981388634191,0.008018485287972272,0.00867568700085046,0.007063987894587022,Pakistan,42764.0,0.007273698541112941
243129,17629,5400,12754,0,0,0,0,25881,7935,0,7370,0,0,0,0.0,0.0,0.0,0.02356680565859149,0.0,0.026034062462064418,0.09279270881138137,0.0,0.0,0.0,0.0,0.047918905311882413,0.02070885648762454,0.07250883275956385,Sweden,76969.0,0.02025215510650772
146760,1934,1692,4846,0,2442,2424,1969,1862,4644,0,5726,0,2988,2366,0.01334559217539921,0.017142955496015466,0.0,0.03396747996416982,0.0,0.028329337701077907,0.011489075505809326,0.012298717035815563,0.015373492142014536,0.015731292517006803,0.0,0.03222374423151091,0.011379073802574415,0.01317797765058599,Japan,32893.0,0.01460419558728428
27912,11,16,10,7,9,7,15,6,7,11,14,5,9,9,0.0003209814900674061,0.0003210845522654299,0.0001784121320249777,0.0004998036485666346,0.0003928571428571429,0.00025006251562890725,0.0002143852502947797,0.0005362505362505362,0.00025031289111389235,0.0003219344684504221,0.00025045618805681776,0.00035792261713017644,0.0005730043333452709,0.0003940957294353683,Australia,136.0,0.00034725453539198294
14372,187,157,181,210,0,0,0,225,79,124,83,0,0,129,0.008259700345754899,0.0,0.0,0.005342774380431284,0.008046200765686847,0.005152621967127576,0.014893757860594426,0.0,0.0,0.0,0.014096798013022755,0.012299537917912476,0.010783707672230235,0.01301141107709435,French Polynesia,1375.0,0.006563322142846774
11204,36,43,35,16,73,0,51,55,87,77,78,45,0,55,0.004661016949152543,0.0,0.0038281582305401958,0.006679797893294511,0.006637931034482758,0.007556675062972292,0.004800139640425903,0.004470938897168405,0.0,0.006440797600141168,0.0014136773281498499,0.0031020118762740407,0.0038256227758007117,0.0032131381649410924,French Guiana,651.0,0.004044993246667391
8054,0,48,0,98,0,0,94,0,51,0,86,0,0,103,0.012216818882694817,0.0,0.0,0.01030557219892151,0.0,0.006149023390402701,0.0,0.011463414634146341,0.0,0.0,0.012095778820044433,0.0,0.005959771542090887,0.0,Reunion,480.0,0.004156455676307192
8344,83,0,0,0,0,0,0,45,0,0,0,0,0,0,0.0,0.0,0.0,0.0,0.0,0.0,0.00533997864008544,0.0,0.0,0.0,0.0,0.0,0.0,0.009947267497603067,Guadeloupe,128.0,0.0010919461526920362
5413,107,0,0,0,0,0,0,0,55,0,0,0,0,0,0.0,0.0,0.0,0.0,0.0,0.009963768115942028,0.0,0.0,0.0,0.0,0.0,0.0,0.0,0.01976722704600037,Martinique,162.0,0.002123642511567314
5181,0,0,0,0,0,0,0,0,318,0,52,0,0,0,0.0,0.0,0.0,0.009456264775413711,0.0,0.061378112333526344,0.0,0.0,0.0,0.0,0.0,0.0,0.0,0.0,Mayotte,370.0,0.00505959836492429
4845,27,30,21,19,15,8,1,18,12,15,20,13,5,7,0.0013864131511190335,0.0009912767644726407,0.002583979328165375,0.003991219317501496,0.00300240192153723,0.002407704654895666,0.003624647603705195,0.0002014098690835851,0.0016138793625176519,0.003035208417644678,0.00385943530367662,0.004283965728274173,0.006157635467980296,0.005572755417956657,Aruba,211.0,0.003050852307752164
2379,124,155,82,150,121,125,38,72,79,79,97,75,48,37,0.01020971302428256,0.013422818791946308,0.021422450728363324,0.028495887191539365,0.0237593984962406,0.024337646333949477,0.022684310018903593,0.01211734693877551,0.04151444702756559,0.04186851211072665,0.05474452554744526,0.030850263355906696,0.06192568917299241,0.052122740647330815,Curacao,1282.0,0.03139112495614058
1299,42,56,61,68,23,96,31,72,38,58,82,51,91,64,0.030947775628626693,0.04602933737986849,0.0264797507788162,0.044468546637744036,0.032474804031354984,0.021739130434782608,0.04295942720763723,0.01884498480243161,0.06197546804389929,0.01507208387942333,0.04663923182441701,0.043664996420901936,0.041759880686055184,0.03233256351039261,Channel Islands,833.0,0.03609914151902509
1069,0,23,13,15,19,2,14,6,24,16,24,7,0,17,0.013798701298701298,0.0,0.005714285714285714,0.019983347210657785,0.01350210970464135,0.020671834625323,0.005194805194805195,0.012269938650306749,0.001755926251097454,0.016964285714285713,0.013574660633484163,0.011904761904761904,0.021515434985968196,0.0,Sint Maarten,180.0,0.01120357799202275
1020,10,5,7,0,6,7,0,10,0,4,3,3,0,7,0.0065116279069767444,0.0,0.002798507462686567,0.002806361085126286,0.003755868544600939,0.0,0.009478672985781991,0.0,0.006679389312977099,0.005758157389635317,0.0,0.00676328502415459,0.0048543689320388345,0.00980392156862745,Gibraltar,62.0,0.004229297158043272
717,0,0,0,0,0,0,0,84,0,0,0,0,0,0,0.0,0.0,0.0,0.0,0.0,0.0,0.11715481171548117,0.0,0.0,0.0,0.0,0.0,0.0,0.0,Saint Martin,84.0,0.008368200836820083
748,2,1,0,4,1,0,0,5,7,0,1,0,0,0,0.0,0.0,0.0,0.0013020833333333333,0.0,0.009198423127463863,0.006613756613756613,0.0,0.0,0.0013245033112582781,0.005326231691078562,0.0,0.0013333333333333333,0.00267379679144385,Turks and Caicos Islands,21.0,0.001983723442976274
503,0,0,2,0,1,4,0,4,5,0,6,0,3,0,0.0,0.005714285714285714,0.0,0.011560693641618497,0.0,0.009727626459143969,0.00784313725490196,0.0,0.007905138339920948,0.0019801980198019802,0.0,0.003976143141153081,0.0,0.0,Faroe Islands,25.0,0.0034790873264875823
260,2,5,5,6,10,0,18,24,10,24,27,0,0,40,0.10230179028132992,0.0,0.0,0.07417582417582418,0.07058823529411765,0.030303030303030304,0.0784313725490196,0.0625,0.0,0.03597122302158273,0.022058823529411766,0.018726591760299626,0.019083969465648856,0.007692307692307693,Bermuda,171.0,0.03727379771946945
369,0,0,0,1,0,0,0,0,0,0,0,0,0,3,0.008108108108108109,0.0,0.0,0.0,0.0,0.0,0.0,0.0,0.0,0.0,0.0027100271002710027,0.0,0.0,0.0,Isle of Man,4.0,0.0007727239434556509
274,11,0,3,0,0,0,2,1,1,6,0,0,0,0,0.0,0.0,0.0,0.0,0.02054794520547945,0.003436426116838488,0.0034482758620689655,0.006944444444444444,0.0,0.0,0.0,0.010526315789473684,0.0,0.040145985401459854,Cayman Islands,24.0,0.006074956629983206
162,0,0,2,0,0,0,0,5,3,0,3,0,0,0,0.0,0.0,0.0,0.01744186046511628,0.0,0.01775147928994083,0.03048780487804878,0.0,0.0,0.0,0.0,0.012345679012345678,0.0,0.0,Caribbean Netherlands,13.0,0.005573344546103683
147,0,0,0,0,0,0,0,15,0,0,0,0,0,0,0.0,0.0,0.0,0.0,0.0,0.0,0.10204081632653061,0.0,0.0,0.0,0.0,0.0,0.0,0.0,Saint Barthelemy,15.0,0.00728862973760933
71,1,0,0,0,0,0,0,0,3,0,1,0,0,0,0.0,0.0,0.0,0.013333333333333334,0.0,0.041666666666666664,0.0,0.0,0.0,0.0,0.0,0.0,0.0,0.014084507042253521,British Virgin Islands,5.0,0.004934607645875251
33,0,0,1,1,0,0,0,1,0,0,0,0,0,0,0.0,0.0,0.0,0.0,0.0,0.0,0.02857142857142857,0.0,0.0,0.0,0.029411764705882353,0.030303030303030304,0.0,0.0,New Caledonia,3.0,0.006306158827167231
18,0,0,0,0,0,0,0,1,0,0,0,0,0,0,0.0,0.0,0.0,0.0,0.0,0.0,0.05555555555555555,0.0,0.0,0.0,0.0,0.0,0.0,0.0,Greenland,1.0,0.003968253968253968
16,0,1,0,0,0,0,0,0,0,0,0,0,0,0,0.0,0.0,0.0,0.0,0.0,0.0,0.0,0.0,0.0,0.0,0.0,0.0,0.0625,0.0,Falkland Islands,1.0,0.004464285714285714
16,0,0,0,0,0,0,0,0,-2,0,0,0,0,0,0.0,0.0,0.0,0.0,0.0,-0.125,0.0,0.0,0.0,0.0,0.0,0.0,0.0,0.0,Saint Pierre and Miquelon,-2.0,-0.008928571428571428
13,0,0,0,0,0,0,0,0,0,0,0,0,0,0,0.0,0.0,0.0,0.0,0.0,0.0,0.0,0.0,0.0,0.0,0.0,0.0,0.0,0.0,Montserrat,0.0,0.0
10,0,0,0,0,0,0,0,0,0,0,0,0,0,0,0.0,0.0,0.0,0.0,0.0,0.0,0.0,0.0,0.0,0.0,0.0,0.0,0.0,0.0,Western Sahara,0.0,0.0
6,0,0,1,0,0,2,1,0,0,0,0,0,0,0,0.0,0.0,0.0,0.0,0.0,0.0,0.0,0.1111111111111111,0.2857142857142857,0.0,0.0,0.16666666666666666,0.0,0.0,Anguilla,4.0,0.040249433106575964
3,0,0,0,0,0,0,0,0,0,0,0,0,0,0,0.0,0.0,0.0,0.0,0.0,0.0,0.0,0.0,0.0,0.0,0.0,0.0,0.0,0.0,Wallis and Futuna,0.0,0.0
86542,9,16,17,17,18,15,12,15,12,15,13,24,16,17,0.00019598575068306798,0.00018449120784087632,0.00027681341622357296,0.00014996308600959764,0.00017306427607213318,0.0001384705923079586,0.00017311820511044942,0.00013851374748943831,0.00017317216776919613,0.00020784979388228773,0.00019634112538113277,0.00019637968278905357,0.00018486210442398123,0.00010399574772942617,China,216.0,0.00017807292169372656
